/*
SQLyog Ultimate v11.24 (64 bit)
MySQL - 5.5.56 : Database - app_dkb
*********************************************************************
*/

/*Table structure for table `bank` */

DROP TABLE IF EXISTS `bank`;

CREATE TABLE `bank` (
  `bid` int(11) NOT NULL AUTO_INCREMENT,
  `shortname` char(4) NOT NULL COMMENT '银行简称',
  `fullname` varchar(32) NOT NULL COMMENT '银行全称',
  PRIMARY KEY (`bid`)
) ENGINE=InnoDB AUTO_INCREMENT=18 DEFAULT CHARSET=utf8;

/*Data for the table `bank` */

insert  into `bank`(`bid`,`shortname`,`fullname`) values (1,'招商银行','招商银行深圳福田支行'),(2,'农业银行','中国农业银行深圳大步支行'),(3,'ICBC','中国工商银行深圳福田支行'),(4,'东莞银行','东莞银行长安镇支行'),(5,'华夏银行','华夏银行中国人的银行'),(6,'兴业银行','中国兴业银行深圳福田总行'),(7,'人民银行','中国人民银行北京总行'),(8,'招商银行','招商银行广州越秀支行'),(9,'交通银行','交通银行(深圳前海分行)'),(10,'建设银行','中国建设银行深圳观澜支行'),(11,'邮政储蓄','中国邮政储蓄银行英德百花支行'),(12,'花旗银行','美国花旗银行（认准这只鹰）'),(13,'汇丰银行','香港汇丰银行总行'),(14,'农村信用','英德市农村合作信用社'),(15,'民生银行','中国民生银行深圳前海支行'),(16,'中信银行','中国中信银行大步总行'),(17,'11','11');

/*Table structure for table `bank_company_mapping` */

DROP TABLE IF EXISTS `bank_company_mapping`;

CREATE TABLE `bank_company_mapping` (
  `mid` int(11) NOT NULL AUTO_INCREMENT,
  `bid` int(11) DEFAULT NULL,
  `cid` int(11) DEFAULT NULL,
  PRIMARY KEY (`mid`),
  UNIQUE KEY `bid` (`bid`,`cid`)
) ENGINE=InnoDB AUTO_INCREMENT=21 DEFAULT CHARSET=utf8;

/*Data for the table `bank_company_mapping` */

insert  into `bank_company_mapping`(`mid`,`bid`,`cid`) values (3,1,2),(4,1,4),(6,2,2),(12,3,3),(11,3,4),(5,4,2),(10,7,1),(9,7,4),(13,11,2),(19,17,1),(20,17,5);

/*Table structure for table `bank_user_mapping` */

DROP TABLE IF EXISTS `bank_user_mapping`;

CREATE TABLE `bank_user_mapping` (
  `mid` int(11) NOT NULL AUTO_INCREMENT,
  `bid` int(11) DEFAULT NULL COMMENT '银行ID',
  `uid` int(11) DEFAULT NULL COMMENT '用户ID',
  PRIMARY KEY (`mid`),
  UNIQUE KEY `bid_uid_ukey` (`bid`,`uid`)
) ENGINE=InnoDB AUTO_INCREMENT=6 DEFAULT CHARSET=utf8;

/*Data for the table `bank_user_mapping` */

insert  into `bank_user_mapping`(`mid`,`bid`,`uid`) values (2,1,10000000),(1,1,79024618),(3,16,86002524),(5,16,86006225),(4,16,86006497);

/*Table structure for table `company` */

DROP TABLE IF EXISTS `company`;

CREATE TABLE `company` (
  `cid` int(11) unsigned NOT NULL AUTO_INCREMENT COMMENT 'company ID',
  `mapping_cid` int(11) DEFAULT NULL COMMENT 'eemsii库中的公司ID，用于查询用电信息',
  `shortname` varchar(32) NOT NULL COMMENT '公司简称',
  `fullname` varchar(128) NOT NULL COMMENT '公司全称',
  `reg_No` varchar(32) DEFAULT NULL COMMENT '工商注册号',
  `taxpayer_ID` varchar(32) DEFAULT NULL COMMENT '纳税人识别号',
  `certificate_No` varchar(32) DEFAULT NULL COMMENT '组织机构代码',
  `credit_No` varchar(32) DEFAULT NULL COMMENT '统一社会信用代码',
  `establishment_date` date DEFAULT NULL COMMENT '成立日期',
  `approved_date` date DEFAULT NULL COMMENT '核准日期',
  `legal_representative` varchar(8) DEFAULT NULL COMMENT '法人代表',
  `company_type` varchar(32) DEFAULT NULL COMMENT '企业类型',
  `authority` varchar(32) DEFAULT NULL COMMENT '工商登记机关',
  `reg_capital` varchar(16) DEFAULT NULL COMMENT '注册资本',
  `reg_address` varchar(64) DEFAULT NULL COMMENT '注册地址',
  `operating_period` varchar(32) DEFAULT NULL COMMENT '营业期限',
  `business_scope` text COMMENT '经营范围',
  PRIMARY KEY (`cid`)
) ENGINE=InnoDB AUTO_INCREMENT=12 DEFAULT CHARSET=utf8;

/*Data for the table `company` */

insert  into `company`(`cid`,`mapping_cid`,`shortname`,`fullname`,`reg_No`,`taxpayer_ID`,`certificate_No`,`credit_No`,`establishment_date`,`approved_date`,`legal_representative`,`company_type`,`authority`,`reg_capital`,`reg_address`,`operating_period`,`business_scope`) values (1,2,'银星集团','深圳市银星科技集团','12234','46856785643','457654674545','67987894493756','2016-09-01','2017-09-19','银魂星','房地产','龙华新区观澜市场','5个亿','龙华新区观澜市场工商局','2015-09-01 至 2020-09-19','出租屋、物业、办公楼'),(2,3,'海螺水泥','英德市海螺水泥集团','346545656','33245677843','5864567','56453675435','2010-10-10','2020-09-20','碧螺春','水泥还是海螺好','英德市工商管理局','大你10个亿','英德市街道办','2017-09-01 至 2017-09-30','水泥、石头'),(3,NULL,'华润燃气','深圳市华润燃气集团','346545656','33245677843','5864567','56453675435','2010-10-10','2020-09-20','碧螺春','水泥还是海螺好','英德市工商管理局','大你10个亿','英德市街道办','2017-09-01;2017-09-30','水泥、石头'),(4,16,'华为',' 华为技术有限公司 ','440301103097413','914403001922038216','192203821','914403001922038216','1987-09-15','1987-10-19','华为投资控股有限','有限责任公司（自然人投资或控股的法人独资）','深圳市市场监督管理局','3990813.182000万元','深圳市龙岗区坂田华为总部办公楼','1987-09-15 至 2040-04-09','程控交换机、传输设备、数据通信设备、宽带多媒体设备、电源、无线通信设备、微电子产品、软件、系统集成工程、计算机及配套设备、终端设备及相关通信信息产品、数据中心机房基础设施及配套产品（含供配电、空调制冷设备、智能管理监控等）的开发、生产、销售、技术服务、工程安装、维修、咨询、代理、租赁；信息系统设计、集成、运行维护；集成电路设计、研发；统一通信及协作类产品，服务器及配套软硬件产品，存储设备及相关软件的研发、生产、销售；无线数据产品（不含限制项目）的研发、生产、销售；通信站点机房基础设施及通信配套设备（含通信站点、通信机房、通信电源、机柜、天线、通信线缆、配电、智能管理监控、锂电及储能系统等）的研发、生产、销售；能源科学技术研究及能源相关产品的研发、生产、销售；大数据产品、物联网及通信相关领域产品的研发、生产、销售；通信设备租赁（不含限制项目）；培训服务；技术认证服务；信息咨询（不含限制项目）；企业管理咨询（不含限制项目）；进出口业务；国内商业、物资供销业业务（不含专营、专控、专卖商品）；对外经济技术合作业务；房屋租赁业务（持许可经营证）；以及其他法律法规不禁止的经营活动（依法须经批准的项目，经相关部门批准后方可开展经营活动）。'),(5,NULL,'TCL','TCL集团股份有限公司','440301103097413','440301103097413','440301103097413','440301103097413','2017-09-01','2017-09-30','44030110','','','500亿人民币','深圳市龙岗区坂田华为总部办公楼','2017-09-01 至 2017-09-30','程控交换机、传输设备、数据通信设备、宽带多媒体设备、电源、无线通信设备、微电子产品、软件、系统集成工程、计算机及配套设备、终端设备及相关通信信息产品、数据中心机房基础设施及配套产品（含供配电、空调制冷设备、智能管理监控等）的开发、生产、销售、技术服务、工程安装、维修、咨询、代理、租赁；信息系统设计、集成、运行维护；'),(6,NULL,'微鲸科技','微鲸科技有限公司','440301103097413','440301103097413','440301103097413','440301103097413','2017-09-01','2017-09-30','44030110','','','500亿人民币','深圳市龙岗区坂田华为总部办公楼','2017-09-01 至 2017-09-30','程控交换机、传输设备、数据通信设备、宽带多媒体设备、电源、无线通信设备、微电子产品、软件、系统集成工程、计算机及配套设备、终端设备及相关通信信息产品、数据中心机房基础设施及配套产品（含供配电、空调制冷设备、智能管理监控等）的开发、生产、销售、技术服务、工程安装、维修、咨询、代理、租赁；信息系统设计、集成、运行维护；'),(7,NULL,'小米科技','北京小米科技有限责任公司','440301103097413','440301103097413','440301103097413','440301103097413','2017-09-01','2017-09-30','44030110','','','500亿人民币','深圳市龙岗区坂田华为总部办公楼','2017-09-01 至 2017-09-30','程控交换机、传输设备、数据通信设备、宽带多媒体设备、电源、无线通信设备、微电子产品、软件、系统集成工程、计算机及配套设备、终端设备及相关通信信息产品、数据中心机房基础设施及配套产品（含供配电、空调制冷设备、智能管理监控等）的开发、生产、销售、技术服务、工程安装、维修、咨询、代理、租赁；信息系统设计、集成、运行维护；'),(8,NULL,'华谊','上海华谊（集团）公司','440301103097413','440301103097413','440301103097413','440301103097413','2017-09-01','2017-09-30','44030110','','','500亿人民币','深圳市龙岗区坂田华为总部办公楼','2017-09-01 至 2017-09-30','程控交换机、传输设备、数据通信设备、宽带多媒体设备、电源、无线通信设备、微电子产品、软件、系统集成工程、计算机及配套设备、终端设备及相关通信信息产品、数据中心机房基础设施及配套产品（含供配电、空调制冷设备、智能管理监控等）的开发、生产、销售、技术服务、工程安装、维修、咨询、代理、租赁；信息系统设计、集成、运行维护；'),(9,NULL,'腾讯','深圳市腾讯计算机系统有限公司','440301103097413','440301103097413','440301103097413','440301103097413','2017-09-01','2017-09-30','44030110','','','500亿人民币','深圳市龙岗区坂田华为总部办公楼','2017-09-01 至 2017-09-30','程控交换机、传输设备、数据通信设备、宽带多媒体设备、电源、无线通信设备、微电子产品、软件、系统集成工程、计算机及配套设备、终端设备及相关通信信息产品、数据中心机房基础设施及配套产品（含供配电、空调制冷设备、智能管理监控等）的开发、生产、销售、技术服务、工程安装、维修、咨询、代理、租赁；信息系统设计、集成、运行维护；'),(10,NULL,'阿里巴巴','阿里巴巴网络技术有限公司','440301103097413','440301103097413','440301103097413','440301103097413','2017-09-01','2017-09-30','44030110','','','500亿人民币','深圳市龙岗区坂田华为总部办公楼','2017-09-01 至 2017-09-30','程控交换机、传输设备、数据通信设备、宽带多媒体设备、电源、无线通信设备、微电子产品、软件、系统集成工程、计算机及配套设备、终端设备及相关通信信息产品、数据中心机房基础设施及配套产品（含供配电、空调制冷设备、智能管理监控等）的开发、生产、销售、技术服务、工程安装、维修、咨询、代理、租赁；信息系统设计、集成、运行维护；'),(11,NULL,'苏泊尔','浙江苏泊尔股份有限公司','440301103097413','440301103097413','440301103097413','440301103097413','2017-09-01','2017-09-30','44030110','','','500亿人民币','深圳市龙岗区坂田华为总部办公楼','2017-09-01 至 2017-09-30','程控交换机、传输设备、数据通信设备、宽带多媒体设备、电源、无线通信设备、微电子产品、软件、系统集成工程、计算机及配套设备、终端设备及相关通信信息产品、数据中心机房基础设施及配套产品（含供配电、空调制冷设备、智能管理监控等）的开发、生产、销售、技术服务、工程安装、维修、咨询、代理、租赁；信息系统设计、集成、运行维护；');

/*Table structure for table `role` */

DROP TABLE IF EXISTS `role`;

CREATE TABLE `role` (
  `id` int(11) NOT NULL AUTO_INCREMENT,
  `name` varchar(16) NOT NULL COMMENT '角色名称',
  `type` tinyint(3) unsigned NOT NULL COMMENT '角色类型ID',
  `sort` tinyint(4) DEFAULT NULL COMMENT '排序',
  PRIMARY KEY (`id`)
) ENGINE=InnoDB AUTO_INCREMENT=8 DEFAULT CHARSET=utf8;

/*Data for the table `role` */

insert  into `role`(`id`,`name`,`type`,`sort`) values (1,'管理员',1,1),(2,'代理/售电公司',2,3),(3,'用电企业工作人员',3,4),(4,'系统运维人员',4,2);

/*Table structure for table `users` */

DROP TABLE IF EXISTS `users`;

CREATE TABLE `users` (
  `id` int(11) NOT NULL AUTO_INCREMENT,
  `userid` char(20) NOT NULL,
  `valid` char(1) NOT NULL DEFAULT '1',
  `role` int(32) NOT NULL,
  `lastlogintime` datetime DEFAULT NULL,
  `email` char(50) DEFAULT NULL,
  `phone` char(30) DEFAULT NULL,
  `receive_email` char(1) NOT NULL DEFAULT '1',
  `receive_sms` char(1) NOT NULL DEFAULT '1',
  `avatar` varchar(400) DEFAULT NULL,
  `username` varchar(400) DEFAULT NULL,
  `receive_wx` char(1) NOT NULL DEFAULT '0',
  `mpopenid` varchar(100) DEFAULT NULL COMMENT '微信公众号合纵云的OpenID',
  `mpopenid_hyd` varchar(100) DEFAULT NULL COMMENT '微信公众号合用电的OpenID',
  `receive_app_alert` tinyint(1) unsigned NOT NULL DEFAULT '0' COMMENT '接受告警推送（合用电APP）',
  `receive_app_warning` tinyint(1) unsigned NOT NULL DEFAULT '0' COMMENT '接受提醒推送（合用电APP）',
  `clientId` varchar(64) NOT NULL DEFAULT '' COMMENT 'app设备唯一id字符串',
  PRIMARY KEY (`id`),
  KEY `users_role_fkey` (`role`) USING BTREE,
  CONSTRAINT `users_ibfk_1` FOREIGN KEY (`role`) REFERENCES `role` (`id`)
) ENGINE=InnoDB AUTO_INCREMENT=514 DEFAULT CHARSET=utf8;

/*Data for the table `users` */

insert  into `users`(`id`,`userid`,`valid`,`role`,`lastlogintime`,`email`,`phone`,`receive_email`,`receive_sms`,`avatar`,`username`,`receive_wx`,`mpopenid`,`mpopenid_hyd`,`receive_app_alert`,`receive_app_warning`,`clientId`) values (3,'10000006','1',1,NULL,NULL,NULL,'1','1',NULL,'龙辉','0',NULL,NULL,0,0,''),(4,'10000007','1',1,NULL,NULL,NULL,'1','1',NULL,'张臻','0',NULL,NULL,0,0,''),(5,'10000010','1',1,NULL,NULL,NULL,'1','1',NULL,'吴天文','0',NULL,NULL,0,0,''),(6,'10000000','1',1,NULL,NULL,NULL,'1','1',NULL,'调试账号','0',NULL,NULL,0,0,''),(7,'79024618','1',4,NULL,NULL,NULL,'1','1',NULL,'刘长方','0',NULL,NULL,0,0,''),(8,'73198442','1',4,NULL,NULL,NULL,'1','1',NULL,'陈泽宇','0',NULL,NULL,0,0,''),(9,'31533821','1',4,NULL,NULL,NULL,'1','1',NULL,'严珩铭','0',NULL,NULL,0,0,''),(10,'88431579','1',3,NULL,NULL,NULL,'1','1',NULL,'刘礼文','0',NULL,NULL,0,0,''),(11,'34677246','1',4,NULL,NULL,NULL,'1','1',NULL,'周圣皓','0',NULL,NULL,0,0,''),(12,'69435854','1',4,NULL,NULL,NULL,'1','1',NULL,'韦远锋','0',NULL,NULL,0,0,''),(13,'70138168','1',4,NULL,NULL,NULL,'1','1',NULL,'郑群儒','0',NULL,NULL,0,0,''),(14,'21005782','1',4,NULL,NULL,NULL,'1','1',NULL,'黄永嘉','0',NULL,NULL,0,0,''),(15,'86004534','1',4,NULL,NULL,NULL,'1','1',NULL,'苏梓键','0',NULL,NULL,0,0,''),(16,'86006120','1',4,NULL,NULL,NULL,'1','1',NULL,'陈燿圣','0',NULL,NULL,0,0,''),(17,'37658982','1',4,NULL,NULL,NULL,'1','1',NULL,'宋嗣博','0',NULL,NULL,0,0,''),(18,'95395409','1',4,NULL,NULL,NULL,'1','1',NULL,'黄锦成','0',NULL,NULL,0,0,''),(19,'86005779','1',4,NULL,NULL,NULL,'1','1',NULL,'龚泽鹏','0',NULL,NULL,0,0,''),(20,'86002524','1',4,NULL,NULL,NULL,'1','1',NULL,'周铭','0',NULL,NULL,0,0,''),(21,'86006225','1',4,NULL,NULL,NULL,'1','1',NULL,'冼博艺','0',NULL,NULL,0,0,''),(22,'86008942','1',3,NULL,NULL,NULL,'1','1',NULL,'邓清','0',NULL,NULL,0,0,''),(23,'86000213','1',3,NULL,NULL,NULL,'1','1',NULL,'李万','0',NULL,NULL,0,0,''),(24,'60807272','1',4,NULL,NULL,NULL,'1','1',NULL,'陈泳洁','0',NULL,NULL,0,0,''),(25,'26995542','1',4,NULL,NULL,NULL,'1','1',NULL,'陈炎锋','0',NULL,NULL,0,0,''),(26,'34761078','1',4,NULL,NULL,NULL,'1','1',NULL,'周卓伟','0',NULL,NULL,0,0,''),(27,'86000830','1',3,NULL,NULL,NULL,'1','1',NULL,'陈万君','0',NULL,NULL,0,0,''),(28,'86000139','1',3,NULL,NULL,NULL,'1','1',NULL,'周丰文','0',NULL,NULL,0,0,''),(29,'86002647','1',3,NULL,NULL,NULL,'1','1',NULL,'蒋建华','0',NULL,NULL,0,0,''),(30,'86001613','1',3,NULL,NULL,NULL,'1','1',NULL,'张伟','0',NULL,NULL,0,0,''),(31,'86008178','1',4,NULL,NULL,NULL,'1','1',NULL,'许志荣','0',NULL,NULL,0,0,''),(32,'86000091','1',4,NULL,NULL,NULL,'1','1',NULL,'黄钰琪','0',NULL,NULL,0,0,''),(33,'86008766','1',3,NULL,NULL,NULL,'1','1',NULL,'刘长青','0',NULL,NULL,0,0,''),(34,'86001563','1',4,NULL,NULL,NULL,'1','1',NULL,'尹旭','0',NULL,NULL,0,0,''),(35,'86006039','1',3,NULL,NULL,NULL,'1','1',NULL,'刘凯文','0',NULL,NULL,0,0,''),(36,'86007918','1',3,NULL,NULL,NULL,'1','1',NULL,'梁誉','0',NULL,NULL,0,0,''),(37,'86008374','1',3,NULL,NULL,NULL,'1','1',NULL,'林国裕','0',NULL,NULL,0,0,''),(38,'86004731','1',4,NULL,NULL,NULL,'1','1',NULL,'黄好运','0',NULL,NULL,0,0,''),(39,'86006497','1',3,NULL,NULL,NULL,'1','1',NULL,'韩兴辉 ','0',NULL,NULL,0,0,''),(40,'86005728','1',3,NULL,NULL,NULL,'1','1',NULL,'林中原','0',NULL,NULL,0,0,''),(41,'86000835','1',3,NULL,NULL,NULL,'1','1',NULL,'余华林','0',NULL,NULL,0,0,''),(42,'86009937','1',3,NULL,NULL,NULL,'1','1',NULL,'李金石','0',NULL,NULL,0,0,''),(43,'86007522','1',4,NULL,NULL,NULL,'1','1',NULL,'廖一旭','0',NULL,NULL,0,0,''),(44,'86000656','1',3,NULL,NULL,NULL,'1','1',NULL,'朱征','0',NULL,NULL,0,0,''),(45,'86005097','1',3,NULL,NULL,NULL,'1','1',NULL,'林海亮','0',NULL,NULL,0,0,''),(46,'19898610','1',4,NULL,NULL,NULL,'1','1',NULL,'梁楚乾','0',NULL,NULL,0,0,''),(47,'47876430','1',4,NULL,NULL,NULL,'1','1',NULL,'黄冠','0',NULL,NULL,0,0,''),(48,'86007823','1',3,NULL,NULL,NULL,'1','1',NULL,'马小坡','0',NULL,NULL,0,0,''),(49,'86002220','1',3,NULL,NULL,NULL,'1','1',NULL,'刘永存','0',NULL,NULL,0,0,''),(50,'86000211','1',3,NULL,NULL,NULL,'1','1',NULL,'李金国','0',NULL,NULL,0,0,''),(51,'86005135','1',3,NULL,NULL,NULL,'1','1',NULL,'徐銮廷','0',NULL,NULL,0,0,''),(52,'86008567','1',3,NULL,NULL,NULL,'1','1',NULL,'邓乐','0',NULL,NULL,0,0,''),(53,'86005027','1',3,NULL,NULL,NULL,'1','1',NULL,'李海星','0',NULL,NULL,0,0,''),(54,'86008983','1',3,NULL,NULL,NULL,'1','1',NULL,'张美香','0',NULL,NULL,0,0,''),(55,'86001291','1',3,NULL,NULL,NULL,'1','1',NULL,'徐盛成','0',NULL,NULL,0,0,''),(56,'86009150','1',3,NULL,NULL,NULL,'1','1',NULL,'万强','0',NULL,NULL,0,0,''),(57,'86008513','1',3,NULL,NULL,NULL,'1','1',NULL,'许华川','0',NULL,NULL,0,0,''),(58,'86005915','1',4,NULL,NULL,NULL,'1','1',NULL,'冯志豪','0',NULL,NULL,0,0,''),(59,'86006872','1',3,NULL,NULL,NULL,'1','1',NULL,'潘总','0',NULL,NULL,0,0,''),(60,'86008521','1',3,NULL,NULL,NULL,'1','1',NULL,'魏志清','0',NULL,NULL,0,0,''),(61,'86007920','1',3,NULL,NULL,NULL,'1','1',NULL,'吴吉财','0',NULL,NULL,0,0,''),(62,'86002239','1',3,NULL,NULL,NULL,'1','1',NULL,'黄华','0',NULL,NULL,0,0,''),(63,'86000800','1',4,NULL,NULL,NULL,'1','1',NULL,'许晨宇','0',NULL,NULL,0,0,''),(64,'86005973','1',3,NULL,NULL,NULL,'1','1',NULL,'尚俊杰','0',NULL,NULL,0,0,''),(65,'86005268','1',3,NULL,NULL,NULL,'1','1',NULL,'张新东','0',NULL,NULL,0,0,''),(66,'86003001','1',3,NULL,NULL,NULL,'1','1',NULL,'林艺标','0',NULL,NULL,0,0,''),(67,'86001938','1',3,NULL,NULL,NULL,'1','1',NULL,'许海燕','0',NULL,NULL,0,0,''),(68,'86009173','1',3,NULL,NULL,NULL,'1','1',NULL,'李民得','0',NULL,NULL,0,0,''),(69,'86000152','1',3,NULL,NULL,NULL,'1','1',NULL,'庄佳雄','0',NULL,NULL,0,0,''),(70,'86006533','1',3,NULL,NULL,NULL,'1','1',NULL,'黄俊明','0',NULL,NULL,0,0,''),(71,'83954916','1',4,NULL,NULL,NULL,'1','1',NULL,'万义康','0',NULL,NULL,0,0,''),(72,'86008525','1',3,NULL,NULL,NULL,'1','1',NULL,'全会峰','0',NULL,NULL,0,0,''),(73,'86003979','1',3,NULL,NULL,NULL,'1','1',NULL,'陶肖生','0',NULL,NULL,0,0,''),(74,'86005261','1',3,NULL,NULL,NULL,'1','1',NULL,'庄允齐','0',NULL,NULL,0,0,''),(75,'86003787','1',3,NULL,NULL,NULL,'1','1',NULL,'陈杏宾','0',NULL,NULL,0,0,''),(76,'86002037','1',3,NULL,NULL,NULL,'1','1',NULL,'赵希','0',NULL,NULL,0,0,''),(77,'86003685','1',3,NULL,NULL,NULL,'1','1',NULL,'邱群冲','0',NULL,NULL,0,0,''),(78,'86006121','1',3,NULL,NULL,NULL,'1','1',NULL,'朱杰','0',NULL,NULL,0,0,''),(79,'86000206','1',3,NULL,NULL,NULL,'1','1',NULL,'谢小均','0',NULL,NULL,0,0,''),(80,'86007258','1',4,NULL,NULL,NULL,'1','1',NULL,'龚双源','0',NULL,NULL,0,0,''),(81,'86002135','1',4,NULL,NULL,NULL,'1','1',NULL,'李明富','0',NULL,NULL,0,0,''),(82,'86002120','1',4,NULL,NULL,NULL,'1','1',NULL,'麦逸钦','0',NULL,NULL,0,0,''),(83,'86009972','1',4,NULL,NULL,NULL,'1','1',NULL,'杨伟铭','0',NULL,NULL,0,0,''),(84,'86001888','1',4,NULL,NULL,NULL,'1','1',NULL,'陈永伟','0',NULL,NULL,0,0,''),(85,'86002039','1',4,NULL,NULL,NULL,'1','1',NULL,'郑钜成','0',NULL,NULL,0,0,''),(86,'86005562','1',3,NULL,NULL,NULL,'1','1',NULL,'李新根','0',NULL,NULL,0,0,''),(87,'86001880','1',3,NULL,NULL,NULL,'1','1',NULL,'李享','0',NULL,NULL,0,0,''),(88,'86003593','1',3,NULL,NULL,NULL,'1','1',NULL,'唐志箭','0',NULL,NULL,0,0,''),(89,'86008112','1',3,NULL,NULL,NULL,'1','1',NULL,'吴伟华','0',NULL,NULL,0,0,''),(90,'86003330','1',3,NULL,NULL,NULL,'1','1',NULL,'刘振高','0',NULL,NULL,0,0,''),(91,'86008972','1',3,NULL,NULL,NULL,'1','1',NULL,'殷方胜','0',NULL,NULL,0,0,''),(92,'86007569','1',3,NULL,NULL,NULL,'1','1',NULL,'汤德胜','0',NULL,NULL,0,0,''),(93,'86005151','1',3,NULL,NULL,NULL,'1','1',NULL,'刘方锐','0',NULL,NULL,0,0,''),(94,'86001092','1',3,NULL,NULL,NULL,'1','1',NULL,'漆云成','0',NULL,NULL,0,0,''),(95,'86001169','1',3,NULL,NULL,NULL,'1','1',NULL,'曹雄','0',NULL,NULL,0,0,''),(96,'86009506','1',3,NULL,NULL,NULL,'1','1',NULL,'巫伟琼','0',NULL,NULL,0,0,''),(97,'86008667','1',3,NULL,NULL,NULL,'1','1',NULL,'朱杰','0',NULL,NULL,0,0,''),(98,'86006162','1',3,NULL,NULL,NULL,'1','1',NULL,'王江涛','0',NULL,NULL,0,0,''),(99,'86006530','1',3,NULL,NULL,NULL,'1','1',NULL,'许益辉','0',NULL,NULL,0,0,''),(100,'86009798','1',3,NULL,NULL,NULL,'1','1',NULL,'张学平','0',NULL,NULL,0,0,''),(101,'86008323','1',3,NULL,NULL,NULL,'1','1',NULL,'李习新','0',NULL,NULL,0,0,''),(102,'86005682','1',3,NULL,NULL,NULL,'1','1',NULL,'曽思聪','0',NULL,NULL,0,0,''),(103,'86007256','1',3,NULL,NULL,NULL,'1','1',NULL,'温惠芳','0',NULL,NULL,0,0,''),(104,'86000386','1',3,NULL,NULL,NULL,'1','1',NULL,'邓信宁','0',NULL,NULL,0,0,''),(105,'86008256','1',3,NULL,NULL,NULL,'1','1',NULL,'邓广云','0',NULL,NULL,0,0,''),(106,'86009077','1',3,NULL,NULL,NULL,'1','1',NULL,'黄智强','0',NULL,NULL,0,0,''),(107,'86000759','1',4,NULL,NULL,NULL,'1','1',NULL,'申圳','0',NULL,NULL,0,0,''),(108,'86003757','1',3,NULL,NULL,NULL,'1','1',NULL,'许佳玉','0',NULL,NULL,0,0,''),(109,'86002107','1',3,NULL,NULL,NULL,'1','1',NULL,'温晋欣','0',NULL,NULL,0,0,''),(110,'86002206','1',3,NULL,NULL,NULL,'1','1',NULL,'李运新','0',NULL,NULL,0,0,''),(111,'86006228','1',3,NULL,NULL,NULL,'1','1',NULL,'陈爱球','0',NULL,NULL,0,0,''),(112,'86005723','1',3,NULL,NULL,NULL,'1','1',NULL,'潘龙','0',NULL,NULL,0,0,''),(113,'86006267','1',4,NULL,NULL,NULL,'1','1',NULL,'黄绍坚','0',NULL,NULL,0,0,''),(114,'86003190','1',3,NULL,NULL,NULL,'1','1',NULL,'陈志强','0',NULL,NULL,0,0,''),(115,'86007965','1',3,NULL,NULL,NULL,'1','1',NULL,'张德洪','0',NULL,NULL,0,0,''),(116,'86009588','1',3,NULL,NULL,NULL,'1','1',NULL,'陈海波','0',NULL,NULL,0,0,''),(117,'86006001','1',3,NULL,NULL,NULL,'1','1',NULL,'吕小斌','0',NULL,NULL,0,0,''),(118,'86002656','1',3,NULL,NULL,NULL,'1','1',NULL,'韩文畴','0',NULL,NULL,0,0,''),(119,'86003553','1',3,NULL,NULL,NULL,'1','1',NULL,'林裕坚','0',NULL,NULL,0,0,''),(120,'860000782','1',3,NULL,NULL,NULL,'1','1',NULL,'朱德洋','0',NULL,NULL,0,0,''),(121,'86000782','1',3,NULL,NULL,NULL,'1','1',NULL,'朱德洋','0',NULL,NULL,0,0,''),(122,'86006403','1',3,NULL,NULL,NULL,'1','1',NULL,'朱镜明','0',NULL,NULL,0,0,''),(123,'86006986','1',3,NULL,NULL,NULL,'1','1',NULL,'薛锐程','0',NULL,NULL,0,0,''),(124,'86003179','1',3,NULL,NULL,NULL,'1','1',NULL,'汪瀚','0',NULL,NULL,0,0,''),(125,'86003661','1',4,NULL,NULL,NULL,'1','1',NULL,'汪海维','0',NULL,NULL,0,0,''),(126,'86007028','1',3,NULL,NULL,NULL,'1','1',NULL,'林杰槟','0',NULL,NULL,0,0,''),(127,'86002065','1',3,NULL,NULL,NULL,'1','1',NULL,'何辉龙','0',NULL,NULL,0,0,''),(128,'86005730','1',3,NULL,NULL,NULL,'1','1',NULL,'游松鹤','0',NULL,NULL,0,0,''),(129,'86000008','1',3,NULL,NULL,NULL,'1','1',NULL,'雷祖斌','0',NULL,NULL,0,0,''),(130,'86003723','1',3,NULL,NULL,NULL,'1','1',NULL,'曹洛丁','0',NULL,NULL,0,0,''),(131,'86007669','1',1,NULL,NULL,NULL,'1','1',NULL,'丁庆','0',NULL,NULL,0,0,''),(132,'84547482','1',1,NULL,NULL,NULL,'1','1',NULL,'陈进迁','0',NULL,NULL,0,0,''),(133,'86006679','1',1,NULL,NULL,NULL,'1','1',NULL,'马斌山','0',NULL,NULL,0,0,''),(134,'86007875','1',3,NULL,NULL,NULL,'1','1',NULL,'余生','0',NULL,NULL,0,0,''),(135,'86000306','1',3,NULL,NULL,NULL,'1','1',NULL,'黄荣学','0',NULL,NULL,0,0,''),(136,'86009662','1',3,NULL,NULL,NULL,'1','1',NULL,'范威','0',NULL,NULL,0,0,''),(137,'86000881','1',3,NULL,NULL,NULL,'1','1',NULL,'罗任文','0',NULL,NULL,0,0,''),(138,'86007252','1',3,NULL,NULL,NULL,'1','1',NULL,'陈国雄','0',NULL,NULL,0,0,''),(139,'86003366','1',3,NULL,NULL,NULL,'1','1',NULL,'李欣','0',NULL,NULL,0,0,''),(140,'86008768','1',3,NULL,NULL,NULL,'1','1',NULL,'熊志文','0',NULL,NULL,0,0,''),(141,'86003656','1',3,NULL,NULL,NULL,'1','1',NULL,'黄新荣','0',NULL,NULL,0,0,''),(142,'86007717','1',3,NULL,NULL,NULL,'1','1',NULL,'胡义平','0',NULL,NULL,0,0,''),(143,'86003055','1',3,NULL,NULL,NULL,'1','1',NULL,'邓东珠','0',NULL,NULL,0,0,''),(144,'86002638','1',4,NULL,NULL,NULL,'1','1',NULL,'刘泽健','0',NULL,NULL,0,0,''),(145,'86003628','1',1,NULL,NULL,NULL,'1','1',NULL,'周启','0',NULL,NULL,0,0,''),(146,'86001869','1',3,NULL,NULL,NULL,'1','1',NULL,'李洪声','0',NULL,NULL,0,0,''),(147,'86005509','1',3,NULL,NULL,NULL,'1','1',NULL,'肖柳棠','0',NULL,NULL,0,0,''),(148,'86000560','1',3,NULL,NULL,NULL,'1','1',NULL,'何耀文','0',NULL,NULL,0,0,''),(149,'86002326','1',3,NULL,NULL,NULL,'1','1',NULL,'陈智强','0',NULL,NULL,0,0,''),(150,'86009806','1',3,NULL,NULL,NULL,'1','1',NULL,'邹启航','0',NULL,NULL,0,0,''),(151,'86006806','1',3,NULL,NULL,NULL,'1','1',NULL,'陈雄','0',NULL,NULL,0,0,''),(152,'86002023','1',3,NULL,NULL,NULL,'1','1',NULL,'王羡勋','0',NULL,NULL,0,0,''),(153,'86006857','1',3,NULL,NULL,NULL,'1','1',NULL,'君子兰','0',NULL,NULL,0,0,''),(154,'86001113','1',3,NULL,NULL,NULL,'1','1',NULL,'管增','0',NULL,NULL,0,0,''),(155,'86003586','1',3,NULL,NULL,NULL,'1','1',NULL,'周顺添','0',NULL,NULL,0,0,''),(156,'86000657','1',3,NULL,NULL,NULL,'1','1',NULL,'梁桂显','0',NULL,NULL,0,0,''),(157,'86004209','1',3,NULL,NULL,NULL,'1','1',NULL,'高庆新','0',NULL,NULL,0,0,''),(158,'86006655','1',4,NULL,NULL,NULL,'1','1',NULL,'王大勇','0',NULL,NULL,0,0,''),(159,'86001399','1',3,NULL,NULL,NULL,'1','1',NULL,'陈国生','0',NULL,NULL,0,0,''),(160,'86007373','1',3,NULL,NULL,NULL,'1','1',NULL,'刘万生','0',NULL,NULL,0,0,''),(161,'86009797','1',3,NULL,NULL,NULL,'1','1',NULL,'梁志坚','0',NULL,NULL,0,0,''),(162,'86002337','1',3,NULL,NULL,NULL,'1','1',NULL,'沈志梅','0',NULL,NULL,0,0,''),(163,'86002998','1',1,NULL,NULL,NULL,'1','1',NULL,'邱维','0',NULL,NULL,0,0,''),(164,'86007361','1',4,NULL,NULL,NULL,'1','1',NULL,'陈敬峰','0',NULL,NULL,0,0,''),(165,'89022131','1',4,NULL,NULL,NULL,'1','1',NULL,'戴莹莹','0',NULL,NULL,0,0,''),(166,'98783829','1',1,NULL,NULL,NULL,'1','1',NULL,'杨正宇','0',NULL,NULL,0,0,''),(167,'86008097','1',3,NULL,NULL,NULL,'1','1',NULL,'董志超','0',NULL,NULL,0,0,''),(168,'86001317','1',3,NULL,NULL,NULL,'1','1',NULL,'陈国那','0',NULL,NULL,0,0,''),(169,'86006660','1',3,NULL,NULL,NULL,'1','1',NULL,'陈思松','0',NULL,NULL,0,0,''),(170,'86007922','1',1,NULL,NULL,NULL,'1','1',NULL,'韩武曲','0',NULL,NULL,0,0,''),(171,'86001930','1',3,NULL,NULL,NULL,'1','1',NULL,'黄小帕','0',NULL,NULL,0,0,''),(172,'86009138','1',3,NULL,NULL,NULL,'1','1',NULL,'毛浩宇','0',NULL,NULL,0,0,''),(173,'86001065','1',1,NULL,NULL,NULL,'1','1',NULL,'王立维','0',NULL,NULL,0,0,''),(174,'86002620','1',3,NULL,NULL,NULL,'1','1',NULL,'宋志雄','0',NULL,NULL,0,0,''),(175,'86009112','1',3,NULL,NULL,NULL,'1','1',NULL,'赵振鹏','0',NULL,NULL,0,0,''),(176,'86000137','1',3,NULL,NULL,NULL,'1','1',NULL,'熊清','0',NULL,NULL,0,0,''),(177,'86009978','1',3,NULL,NULL,NULL,'1','1',NULL,'郭斌','0',NULL,NULL,0,0,''),(178,'86006922','1',3,NULL,NULL,NULL,'1','1',NULL,'徐海宝','0',NULL,NULL,0,0,''),(179,'86001510','1',3,NULL,NULL,NULL,'1','1',NULL,'艾明荣','0',NULL,NULL,0,0,''),(180,'86005506','1',3,NULL,NULL,NULL,'1','1',NULL,' 陈纪擎','0',NULL,NULL,0,0,''),(181,'86000667','1',3,NULL,NULL,NULL,'1','1',NULL,'黄汉泉','0',NULL,NULL,0,0,''),(182,'86003829','1',3,NULL,NULL,NULL,'1','1',NULL,'qian','0',NULL,NULL,0,0,''),(183,'86005267','1',3,NULL,NULL,NULL,'1','1',NULL,'卢毕胜','0',NULL,NULL,0,0,''),(184,'35322248','1',4,NULL,NULL,NULL,'1','1',NULL,'陈景赫','0',NULL,NULL,0,0,''),(185,'86001107','1',4,NULL,NULL,NULL,'1','1',NULL,'赵赞宇','0',NULL,NULL,0,0,''),(186,'86009573','1',3,NULL,NULL,NULL,'1','1',NULL,'洪小康','0',NULL,NULL,0,0,''),(187,'86001610','1',3,NULL,NULL,NULL,'1','1',NULL,'张春玲','0',NULL,NULL,0,0,''),(188,'86006053','1',3,NULL,NULL,NULL,'1','1',NULL,'余思波','0',NULL,NULL,0,0,''),(189,'86009891','1',1,NULL,NULL,NULL,'1','1',NULL,'贺锦涛','0',NULL,NULL,0,0,''),(190,'86007923','1',3,NULL,NULL,NULL,'1','1',NULL,'薛锋丽','0',NULL,NULL,0,0,''),(191,'86003292','1',3,NULL,NULL,NULL,'1','1',NULL,'王胜杰','0',NULL,NULL,0,0,''),(192,'86002567','1',3,NULL,NULL,NULL,'1','1',NULL,'董朝军','0',NULL,NULL,0,0,''),(193,'86005136','1',3,NULL,NULL,NULL,'1','1',NULL,'王敬新','0',NULL,NULL,0,0,''),(194,'36933778','1',4,NULL,NULL,NULL,'1','1',NULL,'周少雄','0',NULL,NULL,0,0,''),(195,'86007583','1',3,NULL,NULL,NULL,'1','1',NULL,'范岳','0',NULL,NULL,0,0,''),(196,'86000897','1',3,NULL,NULL,NULL,'1','1',NULL,'肖志平','0',NULL,NULL,0,0,''),(197,'86002771','1',3,NULL,NULL,NULL,'1','1',NULL,'陈勇','0',NULL,NULL,0,0,''),(198,'86005665','1',3,NULL,NULL,NULL,'1','1',NULL,'方远远','0',NULL,NULL,0,0,''),(199,'86009906','1',4,NULL,NULL,NULL,'1','1',NULL,'符亚磊','0',NULL,NULL,0,0,''),(200,'86000080','1',3,NULL,NULL,NULL,'1','1',NULL,'温彩新','0',NULL,NULL,0,0,''),(201,'86001526','1',3,NULL,NULL,NULL,'1','1',NULL,'刘泽兴','0',NULL,NULL,0,0,''),(202,'86009086','1',3,NULL,NULL,NULL,'1','1',NULL,'程兰','0',NULL,NULL,0,0,''),(203,'86001198','1',3,NULL,NULL,NULL,'1','1',NULL,'伍滨','0',NULL,NULL,0,0,''),(204,'86008508','1',3,NULL,NULL,NULL,'1','1',NULL,'杨伟峰','0',NULL,NULL,0,0,''),(205,'86009137','1',3,NULL,NULL,NULL,'1','1',NULL,'孟庆凯','0',NULL,NULL,0,0,''),(206,'86003799','1',3,NULL,NULL,NULL,'1','1',NULL,'张问团','0',NULL,NULL,0,0,''),(207,'86002378','1',3,NULL,NULL,NULL,'1','1',NULL,'陈志强','0',NULL,NULL,0,0,''),(208,'86006692','1',3,NULL,NULL,NULL,'1','1',NULL,'韩保华','0',NULL,NULL,0,0,''),(209,'86009863','1',3,NULL,NULL,NULL,'1','1',NULL,'李春雨','0',NULL,NULL,0,0,''),(210,'86002918','1',3,NULL,NULL,NULL,'1','1',NULL,'黄俊','0',NULL,NULL,0,0,''),(211,'86003060','1',3,NULL,NULL,NULL,'1','1',NULL,'杨文','0',NULL,NULL,0,0,''),(212,'86002132','1',3,NULL,NULL,NULL,'1','1',NULL,'黄裕','0',NULL,NULL,0,0,''),(213,'86005787','1',3,NULL,NULL,NULL,'1','1',NULL,'陈海淼','0',NULL,NULL,0,0,''),(214,'86008273','1',3,NULL,NULL,NULL,'1','1',NULL,'戴召远','0',NULL,NULL,0,0,''),(215,'86000383','1',3,NULL,NULL,NULL,'1','1',NULL,'刘金旺','0',NULL,NULL,0,0,''),(216,'86003830','1',3,NULL,NULL,NULL,'1','1',NULL,'周淑君','0',NULL,NULL,0,0,''),(217,'45306133','1',4,NULL,NULL,NULL,'1','1',NULL,'杨苹','0',NULL,NULL,0,0,''),(218,'10000011','1',3,NULL,NULL,NULL,'1','1',NULL,'邱文博','0',NULL,NULL,0,0,''),(219,'13789926','1',3,NULL,NULL,NULL,'1','1',NULL,'蔡雪峰','0',NULL,NULL,0,0,''),(220,'15694563','1',3,NULL,NULL,NULL,'1','1',NULL,'寿立松','0',NULL,NULL,0,0,''),(221,'16735988','1',3,NULL,NULL,NULL,'1','1',NULL,'陈柯霖','0',NULL,NULL,0,0,''),(222,'23403829','1',3,NULL,NULL,NULL,'1','1',NULL,'杨恒','0',NULL,NULL,0,0,''),(223,'27134543','1',3,NULL,NULL,NULL,'1','1',NULL,'朱振源','0',NULL,NULL,0,0,''),(224,'35268648','1',3,NULL,NULL,NULL,'1','1',NULL,'张强','0',NULL,NULL,0,0,''),(225,'37038648','1',3,NULL,NULL,NULL,'1','1',NULL,'孙锌京','0',NULL,NULL,0,0,''),(226,'43337298','1',3,NULL,NULL,NULL,'1','1',NULL,'林耀明','0',NULL,NULL,0,0,''),(227,'46773248','1',3,NULL,NULL,NULL,'1','1',NULL,'程志伟','0',NULL,NULL,0,0,''),(228,'71922698','1',3,NULL,NULL,NULL,'1','1',NULL,'丁振','0',NULL,NULL,0,0,''),(229,'72047548','1',3,NULL,NULL,NULL,'1','1',NULL,'刘树松','0',NULL,NULL,0,0,''),(230,'76726511','1',3,NULL,NULL,NULL,'1','1',NULL,'邓慧钺','0',NULL,NULL,0,0,''),(231,'82451270','1',3,NULL,NULL,NULL,'1','1',NULL,'谢琦','0',NULL,NULL,0,0,''),(232,'84087840','1',3,NULL,NULL,NULL,'1','1',NULL,'谢振辉','0',NULL,NULL,0,0,''),(233,'84609977','1',3,NULL,NULL,NULL,'1','1',NULL,'陈树新','0',NULL,NULL,0,0,''),(234,'86000228','1',3,NULL,NULL,NULL,'1','1',NULL,'李俊才','0',NULL,NULL,0,0,''),(235,'86000319','1',3,NULL,NULL,NULL,'1','1',NULL,'李良','0',NULL,NULL,0,0,''),(236,'86000324','1',3,NULL,NULL,NULL,'1','1',NULL,'唐猛','0',NULL,NULL,0,0,''),(237,'86000391','1',3,NULL,NULL,NULL,'1','1',NULL,'高正','0',NULL,NULL,0,0,''),(238,'86001180','1',3,NULL,NULL,NULL,'1','1',NULL,'张天琛','0',NULL,NULL,0,0,''),(239,'86001798','1',3,NULL,NULL,NULL,'1','1',NULL,'冯汗雨','0',NULL,NULL,0,0,''),(240,'86001900','1',3,NULL,NULL,NULL,'1','1',NULL,'孙世伟','0',NULL,NULL,0,0,''),(241,'86001958','1',3,NULL,NULL,NULL,'1','1',NULL,'王伟','0',NULL,NULL,0,0,''),(242,'86002129','1',3,NULL,NULL,NULL,'1','1',NULL,'郭昌华','0',NULL,NULL,0,0,''),(243,'86002661','1',3,NULL,NULL,NULL,'1','1',NULL,'徐超','0',NULL,NULL,0,0,''),(244,'86002873','1',3,NULL,NULL,NULL,'1','1',NULL,'王九川','0',NULL,NULL,0,0,''),(245,'86002915','1',3,NULL,NULL,NULL,'1','1',NULL,'徐刚','0',NULL,NULL,0,0,''),(246,'86004353','1',3,NULL,NULL,NULL,'1','1',NULL,'董志友','0',NULL,NULL,0,0,''),(247,'86004562','1',3,NULL,NULL,NULL,'1','1',NULL,'张秋实','0',NULL,NULL,0,0,''),(248,'86005157','1',3,NULL,NULL,NULL,'1','1',NULL,'李明','0',NULL,NULL,0,0,''),(249,'86005205','1',3,NULL,NULL,NULL,'1','1',NULL,'贾福予','0',NULL,NULL,0,0,''),(250,'86005233','1',3,NULL,NULL,NULL,'1','1',NULL,'张英俊','0',NULL,NULL,0,0,''),(251,'86005752','1',3,NULL,NULL,NULL,'1','1',NULL,'方文三','0',NULL,NULL,0,0,''),(252,'86005959','1',3,NULL,NULL,NULL,'1','1',NULL,'初晓云','0',NULL,NULL,0,0,''),(253,'86007201','1',3,NULL,NULL,NULL,'1','1',NULL,'张琼琼','0',NULL,NULL,0,0,''),(254,'86007635','1',3,NULL,NULL,NULL,'1','1',NULL,'蒋安祥','0',NULL,NULL,0,0,''),(255,'86007701','1',3,NULL,NULL,NULL,'1','1',NULL,'王海峰','0',NULL,NULL,0,0,''),(256,'86007737','1',3,NULL,NULL,NULL,'1','1',NULL,'王欣玮','0',NULL,NULL,0,0,''),(257,'86008228','1',3,NULL,NULL,NULL,'1','1',NULL,'郭星','0',NULL,NULL,0,0,''),(258,'86008275','1',3,NULL,NULL,NULL,'1','1',NULL,'何永灵','0',NULL,NULL,0,0,''),(259,'86009402','1',3,NULL,NULL,NULL,'1','1',NULL,'李广进','0',NULL,NULL,0,0,''),(260,'86009917','1',3,NULL,NULL,NULL,'1','1',NULL,'董晓琦','0',NULL,NULL,0,0,''),(261,'88136913','1',3,NULL,NULL,NULL,'1','1',NULL,'孔华东','0',NULL,NULL,0,0,''),(262,'98786483','1',3,NULL,NULL,NULL,'1','1',NULL,'陈钦','0',NULL,NULL,0,0,''),(263,'99088257','1',3,NULL,NULL,NULL,'1','1',NULL,'李良良','0',NULL,NULL,0,0,''),(264,'86008317','1',3,NULL,NULL,NULL,'1','1',NULL,'刘瑞','0',NULL,NULL,0,0,''),(265,'86007702','1',3,NULL,NULL,NULL,'1','1',NULL,'黄勇','0',NULL,NULL,0,0,''),(266,'86007911','1',3,NULL,NULL,NULL,'1','1',NULL,' 徐豪','0',NULL,NULL,0,0,''),(267,'86005863','1',3,NULL,NULL,NULL,'1','1',NULL,'潘晨光','0',NULL,NULL,0,0,''),(268,'86009133','1',3,NULL,NULL,NULL,'1','1',NULL,'朱明志','0',NULL,NULL,0,0,''),(269,'86007217','1',3,NULL,NULL,NULL,'1','1',NULL,'赵泽东','0',NULL,NULL,0,0,''),(270,'86002393','1',3,NULL,NULL,NULL,'1','1',NULL,'赵波','0',NULL,NULL,0,0,''),(271,'86006650','1',3,NULL,NULL,NULL,'1','1',NULL,'柯勇','0',NULL,NULL,0,0,''),(272,'86001590','1',3,NULL,NULL,NULL,'1','1',NULL,'王志云','0',NULL,NULL,0,0,''),(273,'86005321','1',1,NULL,NULL,NULL,'1','1',NULL,'莫正慧','0',NULL,NULL,0,0,''),(274,'86000996','1',3,NULL,NULL,NULL,'1','1',NULL,'李鹏峰','0',NULL,NULL,0,0,''),(275,'86008138','1',3,NULL,NULL,NULL,'1','1',NULL,'张博','0',NULL,NULL,0,0,''),(276,'86002755','1',3,NULL,NULL,NULL,'1','1',NULL,'斯日古楞','0',NULL,NULL,0,0,''),(277,'86001877','1',1,NULL,NULL,NULL,'1','1',NULL,'李聪','0',NULL,NULL,0,0,''),(278,'86006130','1',1,NULL,NULL,NULL,'1','1',NULL,'王彪','0',NULL,NULL,0,0,''),(279,'86006179','1',3,NULL,NULL,NULL,'1','1',NULL,'郭忠保','0',NULL,NULL,0,0,''),(280,'86009791','1',3,NULL,NULL,NULL,'1','1',NULL,'徐文华','0',NULL,NULL,0,0,''),(281,'86008853','1',3,NULL,NULL,NULL,'1','1',NULL,'和欢','0',NULL,NULL,0,0,''),(282,'86002619','1',3,NULL,NULL,NULL,'1','1',NULL,'王友勇','0',NULL,NULL,0,0,''),(283,'86000822','1',3,NULL,NULL,NULL,'1','1',NULL,'王方银','0',NULL,NULL,0,0,''),(284,'86009256','1',3,NULL,NULL,NULL,'1','1',NULL,'王旭林','0',NULL,NULL,0,0,''),(285,'86001203','1',3,NULL,NULL,NULL,'1','1',NULL,'李天刚','0',NULL,NULL,0,0,''),(286,'86006663','1',3,NULL,NULL,NULL,'1','1',NULL,'陈方勇','0',NULL,NULL,0,0,''),(287,'86007592','1',3,NULL,NULL,NULL,'1','1',NULL,'黄荣誉','0',NULL,NULL,0,0,''),(288,'86009258','1',3,NULL,NULL,NULL,'1','1',NULL,'王敏雪','0',NULL,NULL,0,0,''),(289,'86001825','1',3,NULL,NULL,NULL,'1','1',NULL,'余华兵','0',NULL,NULL,0,0,''),(290,'86003889','1',3,NULL,NULL,NULL,'1','1',NULL,'彭克飞','0',NULL,NULL,0,0,''),(291,'86005303','1',3,NULL,NULL,NULL,'1','1',NULL,'陈守武','0',NULL,NULL,0,0,''),(292,'86006607','1',3,NULL,NULL,NULL,'1','1',NULL,'黄潇','0',NULL,NULL,0,0,''),(293,'86009786','1',1,NULL,NULL,NULL,'1','1',NULL,'姜国喜','0',NULL,NULL,0,0,''),(294,'86007960','1',3,NULL,NULL,NULL,'1','1',NULL,'李文超  ','0',NULL,NULL,0,0,''),(295,'86007962','1',3,NULL,NULL,NULL,'1','1',NULL,'李文超','0',NULL,NULL,0,0,''),(296,'86009979','1',3,NULL,NULL,NULL,'1','1',NULL,'李加庆 ','0',NULL,NULL,0,0,''),(297,'86002096','1',3,NULL,NULL,NULL,'1','1',NULL,'周启峰','0',NULL,NULL,0,0,''),(298,'86006803','1',3,NULL,NULL,NULL,'1','1',NULL,'朱明磊','0',NULL,NULL,0,0,''),(299,'86006886','1',3,NULL,NULL,NULL,'1','1',NULL,'粟佳','0',NULL,NULL,0,0,''),(300,'86003277','1',3,NULL,NULL,NULL,'1','1',NULL,'王小帅','0',NULL,NULL,0,0,''),(301,'86007318','1',3,NULL,NULL,NULL,'1','1',NULL,'王嵘西','0',NULL,NULL,0,0,''),(302,'86007869','1',3,NULL,NULL,NULL,'1','1',NULL,'哈哈','0',NULL,NULL,0,0,''),(303,'86007257','1',3,NULL,NULL,NULL,'1','1',NULL,'温文发','0',NULL,NULL,0,0,''),(304,'86008571','1',3,NULL,NULL,NULL,'1','1',NULL,'苏经理','0',NULL,NULL,0,0,''),(305,'86006353','1',4,NULL,NULL,NULL,'1','1',NULL,'李阳','0',NULL,NULL,0,0,''),(306,'86009153','1',4,NULL,NULL,NULL,'1','1',NULL,'姚尧翔','0',NULL,NULL,0,0,''),(307,'86002650','1',4,NULL,NULL,NULL,'1','1',NULL,'陈仕鹏','0',NULL,NULL,0,0,''),(308,'86006063','1',3,NULL,NULL,NULL,'1','1',NULL,'曾奕中','0',NULL,NULL,0,0,''),(309,'86009557','1',3,NULL,NULL,NULL,'1','1',NULL,'殷波','0',NULL,NULL,0,0,''),(310,'86000079','1',3,NULL,NULL,NULL,'1','1',NULL,'费传回','0',NULL,NULL,0,0,''),(311,'86003235','1',3,NULL,NULL,NULL,'1','1',NULL,'陈昌举 ','0',NULL,NULL,0,0,''),(312,'86008919','1',3,NULL,NULL,NULL,'1','1',NULL,'倪俊旭','0',NULL,NULL,0,0,''),(313,'86005960','1',3,NULL,NULL,NULL,'1','1',NULL,'黄卓斌','0',NULL,NULL,0,0,''),(314,'86004287','1',3,NULL,NULL,NULL,'1','1',NULL,'冼国清','0',NULL,NULL,0,0,''),(315,'86006750','1',3,NULL,NULL,NULL,'1','1',NULL,'吴敢清','0',NULL,NULL,0,0,''),(316,'86002798','1',3,NULL,NULL,NULL,'1','1',NULL,'尤华丰','0',NULL,NULL,0,0,''),(317,'86006066','1',3,NULL,NULL,NULL,'1','1',NULL,'周明峰','0',NULL,NULL,0,0,''),(318,'86001972','1',3,NULL,NULL,NULL,'1','1',NULL,'高明','0',NULL,NULL,0,0,''),(319,'86000188','1',3,NULL,NULL,NULL,'1','1',NULL,'贺悦烚','0',NULL,NULL,0,0,''),(320,'86005976','1',3,NULL,NULL,NULL,'1','1',NULL,'徐曜','0',NULL,NULL,0,0,''),(321,'86002175','1',3,NULL,NULL,NULL,'1','1',NULL,'蒋鑫','0',NULL,NULL,0,0,''),(322,'12912879','1',3,NULL,NULL,NULL,'1','1',NULL,'张勇','0',NULL,NULL,0,0,''),(323,'47632311','1',3,NULL,NULL,NULL,'1','1',NULL,'高勇','0',NULL,NULL,0,0,''),(324,'51267145','1',3,NULL,NULL,NULL,'1','1',NULL,'江惠梅','0',NULL,NULL,0,0,''),(325,'86003622','1',3,NULL,NULL,NULL,'1','1',NULL,'彭国军','0',NULL,NULL,0,0,''),(326,'86008689','1',3,NULL,NULL,NULL,'1','1',NULL,'黄晓宇','0',NULL,NULL,0,0,''),(327,'86008637','1',3,NULL,NULL,NULL,'1','1',NULL,'李惜丽','0',NULL,NULL,0,0,''),(328,'86009006','1',3,NULL,NULL,NULL,'1','1',NULL,'陈南','0',NULL,NULL,0,0,''),(329,'86009155','1',3,NULL,NULL,NULL,'1','1',NULL,'黄佳如','0',NULL,NULL,0,0,''),(330,'86009484','1',3,NULL,NULL,NULL,'1','1',NULL,'陈惠锋','0',NULL,NULL,0,0,''),(331,'86000756','1',3,NULL,NULL,NULL,'1','1',NULL,'柯锐城','0',NULL,NULL,0,0,''),(332,'86000617','1',3,NULL,NULL,NULL,'1','1',NULL,'陈友光','0',NULL,NULL,0,0,''),(333,'86000447','1',3,NULL,NULL,NULL,'1','1',NULL,'郑相雄','0',NULL,NULL,0,0,''),(334,'86005463','1',3,NULL,NULL,NULL,'1','1',NULL,'林汉钦','0',NULL,NULL,0,0,''),(335,'86002343','1',3,NULL,NULL,NULL,'1','1',NULL,'徐沛娜','0',NULL,NULL,0,0,''),(336,'86003386','1',3,NULL,NULL,NULL,'1','1',NULL,'朱德军','0',NULL,NULL,0,0,''),(337,'86000419','1',3,NULL,NULL,NULL,'1','1',NULL,'李富贵','0',NULL,NULL,0,0,''),(338,'86002447','1',3,NULL,NULL,NULL,'1','1',NULL,'许漫鑫','0',NULL,NULL,0,0,''),(339,'86004066','1',3,NULL,NULL,NULL,'1','1',NULL,'陈锐桂','0',NULL,NULL,0,0,''),(340,'86004204','1',3,NULL,NULL,NULL,'1','1',NULL,'王克坚','0',NULL,NULL,0,0,''),(341,'86004254','1',3,NULL,NULL,NULL,'1','1',NULL,'黄谷涛','0',NULL,NULL,0,0,''),(342,'86001358','1',3,NULL,NULL,NULL,'1','1',NULL,'林静芝','0',NULL,NULL,0,0,''),(343,'86007100','1',3,NULL,NULL,NULL,'1','1',NULL,'杨练东','0',NULL,NULL,0,0,''),(344,'86008881','1',3,NULL,NULL,NULL,'1','1',NULL,'刘少金','0',NULL,NULL,0,0,''),(345,'86006265','1',3,NULL,NULL,NULL,'1','1',NULL,'胡仕清','0',NULL,NULL,0,0,''),(346,'86004447','1',3,NULL,NULL,NULL,'1','1',NULL,'李永佳','0',NULL,NULL,0,0,''),(347,'86009529','1',3,NULL,NULL,NULL,'1','1',NULL,'黄绵仕','0',NULL,NULL,0,0,''),(348,'86003367','1',3,NULL,NULL,NULL,'1','1',NULL,'林小伟','0',NULL,NULL,0,0,''),(349,'86001940','1',3,NULL,NULL,NULL,'1','1',NULL,'吴杨林','0',NULL,NULL,0,0,''),(350,'86002814','1',3,NULL,NULL,NULL,'1','1',NULL,'黄晓桐','0',NULL,NULL,0,0,''),(351,'86006332','1',3,NULL,NULL,NULL,'1','1',NULL,'吴丹瑜','0',NULL,NULL,0,0,''),(352,'86001559','1',3,NULL,NULL,NULL,'1','1',NULL,'林能超','0',NULL,NULL,0,0,''),(353,'86006802','1',3,NULL,NULL,NULL,'1','1',NULL,'徐隆楷','0',NULL,NULL,0,0,''),(354,'86007494','1',3,NULL,NULL,NULL,'1','1',NULL,'黄耀国','0',NULL,NULL,0,0,''),(355,'86003340','1',3,NULL,NULL,NULL,'1','1',NULL,'许东扬','0',NULL,NULL,0,0,''),(356,'86003956','1',3,NULL,NULL,NULL,'1','1',NULL,'张友辉','0',NULL,NULL,0,0,''),(357,'86005637','1',3,NULL,NULL,NULL,'1','1',NULL,'刘毅','0',NULL,NULL,0,0,''),(358,'86002137','1',3,NULL,NULL,NULL,'1','1',NULL,'廖雄师','0',NULL,NULL,0,0,''),(359,'86000959','1',3,NULL,NULL,NULL,'1','1',NULL,'李晓琳','0',NULL,NULL,0,0,''),(360,'86002795','1',3,NULL,NULL,NULL,'1','1',NULL,'秦尊宇','0',NULL,NULL,0,0,''),(361,'86003911','1',3,NULL,NULL,NULL,'1','1',NULL,'曾志明','0',NULL,NULL,0,0,''),(362,'86007199','1',3,NULL,NULL,NULL,'1','1',NULL,'黄厚来','0',NULL,NULL,0,0,''),(363,'86005916','1',3,NULL,NULL,NULL,'1','1',NULL,'陈永喜','0',NULL,NULL,0,0,''),(364,'86000599','1',3,NULL,NULL,NULL,'1','1',NULL,'谭石坚','0',NULL,NULL,0,0,''),(365,'86002053','1',3,NULL,NULL,NULL,'1','1',NULL,'龙旭杰','0',NULL,NULL,0,0,''),(366,'86003020','1',3,NULL,NULL,NULL,'1','1',NULL,'李会燕','0',NULL,NULL,0,0,''),(367,'86002905','1',3,NULL,NULL,NULL,'1','1',NULL,'姚建红','0',NULL,NULL,0,0,''),(368,'86000288','1',3,NULL,NULL,NULL,'1','1',NULL,'王瑾昀','0',NULL,NULL,0,0,''),(369,'86001768','1',3,NULL,NULL,NULL,'1','1',NULL,'黄丕俊','0',NULL,NULL,0,0,''),(370,'86003952','1',3,NULL,NULL,NULL,'1','1',NULL,'梁光谦','0',NULL,NULL,0,0,''),(371,'86007821','1',3,NULL,NULL,NULL,'1','1',NULL,'王刚','0',NULL,NULL,0,0,''),(372,'86004865','1',3,NULL,NULL,NULL,'1','1',NULL,'爽灿','0',NULL,NULL,0,0,''),(373,'86007880','1',3,NULL,NULL,NULL,'1','1',NULL,'王延顺 ','0',NULL,NULL,0,0,''),(374,'86001035','1',3,NULL,NULL,NULL,'1','1',NULL,'涂柳峰','0',NULL,NULL,0,0,''),(375,'86000966','1',3,NULL,NULL,NULL,'1','1',NULL,'王恒','0',NULL,NULL,0,0,''),(376,'86008601','1',3,NULL,NULL,NULL,'1','1',NULL,'王义','0',NULL,NULL,0,0,''),(377,'86000006','1',3,NULL,NULL,NULL,'1','1',NULL,'彭彦淇','0',NULL,NULL,0,0,''),(378,'86009501','1',3,NULL,NULL,NULL,'1','1',NULL,'朱兴贵','0',NULL,NULL,0,0,''),(379,'86005763','1',3,NULL,NULL,NULL,'1','1',NULL,'王红升','0',NULL,NULL,0,0,''),(380,'86000859','1',3,NULL,NULL,NULL,'1','1',NULL,'曾志诚','0',NULL,NULL,0,0,''),(381,'86000300','1',3,NULL,NULL,NULL,'1','1',NULL,'王涛','0',NULL,NULL,0,0,''),(382,'86007675','1',3,NULL,NULL,NULL,'1','1',NULL,'李超','0',NULL,NULL,0,0,''),(383,'86007735','1',3,NULL,NULL,NULL,'1','1',NULL,'王立宏','0',NULL,NULL,0,0,''),(384,'86003501','1',3,NULL,NULL,NULL,'1','1',NULL,'郭俊杰','0',NULL,NULL,0,0,''),(385,'86000363','1',3,NULL,NULL,NULL,'1','1',NULL,'牛春增','0',NULL,NULL,0,0,''),(386,'86005528','1',3,NULL,NULL,NULL,'1','1',NULL,'杨正斌','0',NULL,NULL,0,0,''),(387,'86005522','1',3,NULL,NULL,NULL,'1','1',NULL,'张海军','0',NULL,NULL,0,0,''),(388,'86006867','1',3,NULL,NULL,NULL,'1','1',NULL,'张晓光','0',NULL,NULL,0,0,''),(389,'86000762','1',3,NULL,NULL,NULL,'1','1',NULL,'谢炎庆','0',NULL,NULL,0,0,''),(390,'86006272','1',3,NULL,NULL,NULL,'1','1',NULL,'林家明','0',NULL,NULL,0,0,''),(391,'86009615','1',3,NULL,NULL,NULL,'1','1',NULL,'余琳','0',NULL,NULL,0,0,''),(392,'86000032','1',3,NULL,NULL,NULL,'1','1',NULL,'赵威','0',NULL,NULL,0,0,''),(393,'86001615','1',3,NULL,NULL,NULL,'1','1',NULL,'陈春祥','0',NULL,NULL,0,0,''),(394,'86008368','1',3,NULL,NULL,NULL,'1','1',NULL,'黄新宽','0',NULL,NULL,0,0,''),(395,'86008238','1',3,NULL,NULL,NULL,'1','1',NULL,'闫志恒','0',NULL,NULL,0,0,''),(396,'86009108','1',3,NULL,NULL,NULL,'1','1',NULL,'孙明瑞','0',NULL,NULL,0,0,''),(397,'86008065','1',3,NULL,NULL,NULL,'1','1',NULL,'陈志明','0',NULL,NULL,0,0,''),(398,'86008222','1',3,NULL,NULL,NULL,'1','1',NULL,'邓煌','0',NULL,NULL,0,0,''),(399,'86007172','1',4,NULL,NULL,NULL,'1','1',NULL,'胡元璞','0',NULL,NULL,0,0,''),(400,'86005062','1',4,NULL,NULL,NULL,'1','1',NULL,'陈沈','0',NULL,NULL,0,0,''),(401,'86003729','1',3,NULL,NULL,NULL,'1','1',NULL,'李金昌','0',NULL,NULL,0,0,''),(402,'86008706','1',3,NULL,NULL,NULL,'1','1',NULL,'罗赳','0',NULL,NULL,0,0,''),(403,'86005598','1',3,NULL,NULL,NULL,'1','1',NULL,'谭胜平','0',NULL,NULL,0,0,''),(404,'86007553','1',4,NULL,NULL,NULL,'1','1',NULL,'宋梦','0',NULL,NULL,0,0,''),(405,'86005810','1',3,NULL,NULL,NULL,'1','1',NULL,'丁胜利','0',NULL,NULL,0,0,''),(406,'86006221','1',3,NULL,NULL,NULL,'1','1',NULL,'徐恒之','0',NULL,NULL,0,0,''),(407,'86000970','1',3,NULL,NULL,NULL,'1','1',NULL,'丁守进','0',NULL,NULL,0,0,''),(408,'86009988','1',3,NULL,NULL,NULL,'1','1',NULL,'朱成有','0',NULL,NULL,0,0,''),(409,'86009083','1',1,NULL,NULL,NULL,'1','1',NULL,'颜梦佳','0',NULL,NULL,0,0,''),(410,'86008818','1',1,NULL,NULL,NULL,'1','1',NULL,'哈哈','0',NULL,NULL,0,0,'');